{
  "sigir-20141": {
    "NCT00149227": 2.5999999995,
    "NCT01397994": 0.39999999984
  },
  "sigir-20142": {
    "NCT02618655": 0.09999999974999996,
    "NCT00711399": -5.000000413701855e-10
  },
  "sigir-20143": {
    "NCT01452971": 2.7999999989999997,
    "NCT02490059": 2.6999999995
  },
  "sigir-20144": {
    "NCT02390596": 1.84999999988,
    "NCT00841789": 1.7999999996666667
  },
  "sigir-20145": {
    "NCT00163709": 1.2
  },
  "sigir-20146": {
    "NCT02512159": 1.84999999988,
    "NCT00015626": -0.26666666677777784
  },
  "sigir-20147": {
    "NCT00845988": 1.749999999875,
    "NCT01863628": -1.0
  },
  "sigir-20148": {
    "NCT01519271": -1.0,
    "NCT01628315": -1.0
  },
  "sigir-20149": {
    "NCT01950026": 0.3,
    "NCT02615912": -1.0
  },
  "sigir-201410": {
    "NCT02097186": -0.3666666667222223,
    "NCT02264964": -0.500000000125
  },
  "sigir-201411": {
    "NCT01723137": 2.7999999989999997,
    "NCT01526382": -0.15000000003125002
  },
  "sigir-201412": {
    "NCT01551498": 1.2333333332222223,
    "NCT01197183": 0.39999999975,
    "NCT00271427": -1.0
  },
  "sigir-201413": {
    "NCT02264769": -0.3333333335555556,
    "NCT00163709": -1.0
  },
  "sigir-201414": {
    "NCT01624545": -0.3333333335555556,
    "NCT01869855": -1.0
  },
  "sigir-201415": {
    "NCT00180739": 0.9111111110987655,
    "NCT00277680": -1.0
  },
  "sigir-201416": {
    "NCT02374814": 0.050000000000000044,
    "NCT02238756": -1.150000000125
  },
  "sigir-201417": {
    "NCT02556359": 1.59999999975,
    "NCT01745731": 0.2727272727024793
  },
  "sigir-201418": {
    "NCT00557219": 0.5666666664444444,
    "NCT01260883": -1.000000082740371e-09
  },
  "sigir-201419": {
    "NCT00256529": 2.3666666664444445,
    "NCT02509286": 0.8818181818016528
  },
  "sigir-201420": {
    "NCT02255487": 2.79999999975,
    "NCT01594385": 1.6666666664444443,
    "NCT02418169": -1.0
  },
  "sigir-201421": {
    "NCT01520155": 2.999999999,
    "NCT00997100": 2.336363636305785
  },
  "sigir-201422": {
    "NCT00723788": 2.899999999,
    "NCT00236912": -1.0
  },
  "sigir-201423": {
    "NCT00170222": 2.8999999996666666,
    "NCT02219360": 1.94999999975
  },
  "sigir-201424": {
    "NCT01594385": 2.7999999996666665,
    "NCT02229695": 2.249999999,
    "NCT02378311": 0.6666666664444444,
    "NCT01771861": -0.09999999999999998
  },
  "sigir-201425": {
    "NCT02378311": 2.89999999975,
    "NCT00282269": 0.5333333332222221,
    "NCT01869855": -1.0
  },
  "sigir-201427": {
    "NCT01713881": 1.4999999995,
    "NCT01187901": 0.49999999996875
  },
  "sigir-201429": {
    "NCT01978834": 2.7999999995,
    "NCT00703417": -1.0
  },
  "sigir-201430": {
    "NCT02097186": 1.1333333332777777,
    "NCT02273232": 0.9,
    "NCT00721006": 0.39999999992
  },
  "sigir-20151": {
    "NCT01142245": 1.499999999875,
    "NCT00843063": -0.7500000000625
  },
  "sigir-20152": {
    "NCT02532452": 2.09999999988,
    "NCT00034437": -3.33333360913457e-10
  },
  "sigir-20153": {
    "NCT01935141": 0.9,
    "NCT01326507": -0.65
  },
  "sigir-20154": {
    "NCT00844987": 2.89999999975,
    "NCT01243255": -1.0
  },
  "sigir-20155": {
    "NCT02118818": -1.0,
    "NCT02407106": -1.0
  },
  "sigir-20156": {
    "NCT02375451": 0.9999999989999999,
    "NCT01717352": -0.16666666677777786
  },
  "sigir-20157": {
    "NCT01632319": 0.399999999875,
    "NCT02633449": -0.30000000000000004
  },
  "sigir-20158": {
    "NCT00393913": 2.7999999995,
    "NCT02562040": 1.0666666666388889
  },
  "sigir-20159": {
    "NCT01766830": -5.000000413701855e-10
  },
  "sigir-201510": {
    "NCT02340533": 2.7999999989999997,
    "NCT01377519": -0.2500000001875
  },
  "sigir-201511": {
    "NCT01197183": 0.39999999975,
    "NCT01862510": -1.0
  },
  "sigir-201512": {
    "NCT02418169": 2.699999999,
    "NCT02467309": 0.0
  },
  "sigir-201513": {
    "NCT01255670": 0.19999999996,
    "NCT00315042": -1.625000000046875
  },
  "sigir-201514": {
    "NCT00827463": 1.2,
    "NCT01308112": -5.000000413701855e-10
  },
  "sigir-201515": {
    "NCT00932425": 1.8666666664444445,
    "NCT01550588": -0.2500000001875
  },
  "sigir-201516": {
    "NCT00711399": 2.7999999995,
    "NCT00930826": -1.0,
    "NCT00839124": -1.0
  },
  "sigir-201517": {
    "NCT01231945": 2.1999999998,
    "NCT01446198": -0.7
  },
  "sigir-201518": {
    "NCT00534066": 2.2166666664444445,
    "NCT00344513": 0.7,
    "NCT00149227": 0.54999999975
  },
  "sigir-201519": {
    "NCT00806091": 1.29999999975,
    "NCT02219360": -0.50000000025,
    "NCT02213809": -1.0
  },
  "sigir-201520": {
    "NCT00182832": 2.1499999998124997,
    "NCT00880347": 0.4999999999722222
  },
  "sigir-201521": {
    "NCT02105714": 0.19999999974999993,
    "NCT01959048": -1.3333333335555557
  },
  "sigir-201522": {
    "NCT01207128": 1.6666666664444443,
    "NCT02534727": 1.04999999993
  },
  "sigir-201523": {
    "NCT02334514": -0.5,
    "NCT00084240": -2.0
  },
  "sigir-201524": {
    "NCT00711399": 2.7999999995,
    "NCT00540072": 1.065384615337278
  },
  "sigir-201525": {},
  "sigir-201526": {},
  "sigir-201527": {},
  "sigir-201528": {},
  "sigir-201529": {
    "NCT00315042": -1.875000000015625
  }
}